"gene","correlation","value","padj","cor_idx","sig","deg","padj_log10","veclen1","veclen2","veclen3"
"Actb","cor_th1_th0",-0.134177707363987,0.629971596412602,1.13417770736399,"ns","ns",0.200679031180316,0.00983399338976514,0.841835338820013,0.841892775305856
"Gnat1","cor_th1_th0",0.254570097510366,0.089517893382807,0.745429902489634,"ns","ns",1.04809014657563,0.0513601820413499,0.553290044809125,0.55566873403513
"Malt1","cor_th1_th0",0.422892911215077,0.834813235333393,0.577107088784923,"ns","ns",0.0784106741409712,0.00384240469297708,0.428353633181376,0.428370866345401
