"gene","correlation","value","padj","cor_idx","sig","deg","padj_log10","veclen1","veclen2","veclen3"
"Hic1","cor_th2_th0",0.497113203042468,0.679746871217977,0.502886796957532,"ns","ns",0.167652782734055,0.00821558858185352,0.29593314115641,0.296047158288077
"Maged1","cor_th2_th0",-0.00757987180835556,0.258411839947041,1.00757987180836,"ns","ns",0.587687591660448,0.0287988030321063,0.592929220321924,0.593628192867932
"6720456H20Rik.1","cor_th2_th0",0.456778185205361,0.0524159264426562,0.543221814794639,"ns","ns",1.2805367337179,0.0627508997859287,0.319669036788092,0.32576980907532
"Efr3a","cor_th2_th0",0.169869770292841,0.37575581990317,0.830130229707159,"ns","ns",0.425094284108299,0.0208311469083771,0.488505659588588,0.488949604899728
"Malt1","cor_th2_th0",0.0591445060681519,0.834813235333393,0.940855493931848,"ns","ns",0.0784106741409712,0.00384240469297708,0.553664012215119,0.553677345117144
"Sgk3.4","cor_th2_th0",0.418602151771643,0.0501800720674949,0.581397848228357,"ns","ns",1.29946871929696,0.0636786350851504,0.342134437668136,0.348009974001895
"E330016A19Rik.1","cor_th2_th0",0.126347592896132,0.0930479864382191,0.873652407103868,"ns","ns",1.03129302057977,0.0505370625303636,0.514117098872532,0.516594992273741
